"DATASET","SERIES_CODE","OBS_MEASURE","COUNTRY","INDICATOR","TYPE_OF_TRANSFORMATION","FREQUENCY","SCALE","2011","2012","2013","2014","2015","2016","2017","2018","2019","2020","2021","2022","2023","2024"
"IMF.STA:FAS(4.0.0)","COG.FA66.NUM.A","OBS_VALUE","Congo, Republic of","Mobile money transactions (during the reference year)","Number","Annual","Units","","27521","136185","110005","124682770","484875","377864","1246476","50845045","58171748","527561","291123","",""
"IMF.STA:FAS(4.0.0)","COG.FA57.NUM.A","OBS_VALUE","Congo, Republic of","Registered mobile money agent outlets","Number","Annual","Units","","3658","517","6176","6084","6298","1386","6265","45817","108792.5","82681","5339","",""
"IMF.STA:FAS(4.0.0)","LBR.FA26N.PTKM2_NUM.A","OBS_VALUE","Liberia","Number of commercial bank branches","Per 1,000 square km","Annual","Units","0.8928571428571429","0.9032392026578073","0.965531561461794","0.9759136212624585","0.8201827242524917","0.8201827242524917","0.851328903654485","0.9343853820598007","0.9343853820598007","0.9032392026578073","0.9966777408637874","0.9966777408637874","1.027823920265781",""
"IMF.STA:FAS(4.0.0)","LBR.FA66.NUM.A","OBS_VALUE","Liberia","Mobile money transactions (during the reference year)","Number","Annual","Units","","1111765","1938428","1708862","1741081.1","","4311827","10355459","41700815","120417261","271580838","374446327.66","474456327.67",""
"IMF.STA:FAS(4.0.0)","LBR.FA63.NUM.A","OBS_VALUE","Liberia","Active mobile money accounts","Number","Annual","Units","","22521","51571","99464","98412","","249127","338844","751175","1230839","1543071","2672780.8275","2372740.9275",""
"IMF.STA:FAS(4.0.0)","COD.FA66.NUM.A","OBS_VALUE","Congo, Democratic Republic of the","Mobile money transactions (during the reference year)","Number","Annual","Units","","","","","","","","462335582","551890102","776979910","","","",""
"IMF.STA:FAS(4.0.0)","CMR.FA66.NUM.A","OBS_VALUE","Cameroon","Mobile money transactions (during the reference year)","Number","Annual","Units","127594","1347859","1007631","8955038","19026923","84030605","308111568","574795599","840901461","1070273783","","","",""
"IMF.STA:FAS(4.0.0)","LBR.FA57.NUM.A","OBS_VALUE","Liberia","Registered mobile money agent outlets","Number","Annual","Units","","117","274","484","489","","3525","6995","13158","30506","45887","55982.14","66182.24",""
"IMF.STA:FAS(4.0.0)","COG.FA26N.PTKM2_NUM.A","OBS_VALUE","Congo, Republic of","Number of commercial bank branches","Per 1,000 square km","Annual","Units","0.04099560761346999","0.05856515373352855","0.1991215226939971","0.2693997071742313","0.2869692532942899","0.322108345534407","0.3484626647144949","0.3806734992679356","0.404099560761347","0.3982430453879941","0.3982430453879941","0.4070278184480234","",""
"IMF.STA:FAS(4.0.0)","ZWE.FA57.NUM.A","OBS_VALUE","Zimbabwe","Registered mobile money agent outlets","Number","Annual","Units","","3223","6900","25618","38745","40590","47838","50740","59219","","","","",""
"IMF.STA:FAS(4.0.0)","GNQ.FA26N.PTKM2_NUM.A","OBS_VALUE","Equatorial Guinea, Republic of","Number of commercial bank branches","Per 1,000 square km","Annual","Units","0.7130124777183601","0.8912655971479501","0.9269162210338681","1.105169340463458","1.283422459893048","","1.568627450980392","1.925133689839572","1.96078431372549","2.067736185383244","2.103386809269162","2.103386809269162","",""
"IMF.STA:FAS(4.0.0)","COD.FA63.NUM.A","OBS_VALUE","Congo, Democratic Republic of the","Active mobile money accounts","Number","Annual","Units","","","322518","1930580","1770884","1947550","3251461","5866141","6459561","8879137.87909973","","","",""
"IMF.STA:FAS(4.0.0)","BDI.FA26N.PTKM2_NUM.A","OBS_VALUE","Burundi","Number of commercial bank branches","Per 1,000 square km","Annual","Units","4.867601246105919","5.451713395638629","6.658878504672897","6.697819314641745","6.970404984423676","7.165109034267913","7.165109034267913","7.165109034267913","7.320872274143302","7.827102803738318","8.333333333333333","9.073208722741433","",""
"IMF.STA:FAS(4.0.0)","CMR.FA57.NUM.A","OBS_VALUE","Cameroon","Registered mobile money agent outlets","Number","Annual","Units","154","489","6843","6082","25443","36044","82566","117513","172459","203144","","","",""
"IMF.STA:FAS(4.0.0)","COG.FA63.NUM.A","OBS_VALUE","Congo, Republic of","Active mobile money accounts","Number","Annual","Units","","7098","15585","66015","137583","96411","296645","922822","1966893","4287020","826778","15471","",""
"IMF.STA:FAS(4.0.0)","CMR.FA63.NUM.A","OBS_VALUE","Cameroon","Active mobile money accounts","Number","Annual","Units","96490","475016","1443466","1740827","2187470","1451326","3479935","5008112","6747125","8468978","","","",""
"IMF.STA:FAS(4.0.0)","GNQ.FA57.NUM.A","OBS_VALUE","Equatorial Guinea, Republic of","Registered mobile money agent outlets","Number","Annual","Units","","","","","","","","","","","","","",""
"IMF.STA:FAS(4.0.0)","GNQ.FA63.NUM.A","OBS_VALUE","Equatorial Guinea, Republic of","Active mobile money accounts","Number","Annual","Units","","","","","","","","","","","","","",""
"IMF.STA:FAS(4.0.0)","GNQ.FA66.NUM.A","OBS_VALUE","Equatorial Guinea, Republic of","Mobile money transactions (during the reference year)","Number","Annual","Units","","","","","","","","","","","","","",""
"IMF.STA:FAS(4.0.0)","SDN.FA66.NUM.A","OBS_VALUE","Sudan","Mobile money transactions (during the reference year)","Number","Annual","Units","","","","","1","4517127","9788074","6482489","","","","","",""
"IMF.STA:FAS(4.0.0)","SDN.FA63.NUM.A","OBS_VALUE","Sudan","Active mobile money accounts","Number","Annual","Units","","","","","58799","673670","1202714","4600401","","","","","",""
"IMF.STA:FAS(4.0.0)","SDN.FA57.NUM.A","OBS_VALUE","Sudan","Registered mobile money agent outlets","Number","Annual","Units","","","","","1332","5685","8310","16660","","","","","",""
"IMF.STA:FAS(4.0.0)","DZA.FA57.NUM.A","OBS_VALUE","Algeria","Registered mobile money agent outlets","Number","Annual","Units","","","","","","","","","","","","","",""
"IMF.STA:FAS(4.0.0)","DZA.FA66.NUM.A","OBS_VALUE","Algeria","Mobile money transactions (during the reference year)","Number","Annual","Units","","","","","","","","","","","","","",""
"IMF.STA:FAS(4.0.0)","DZA.FA63.NUM.A","OBS_VALUE","Algeria","Active mobile money accounts","Number","Annual","Units","","","","","","","","","","","","","",""
"IMF.STA:FAS(4.0.0)","BDI.FA57.NUM.A","OBS_VALUE","Burundi","Registered mobile money agent outlets","Number","Annual","Units","","","","","","","","","","","","","",""
"IMF.STA:FAS(4.0.0)","MRT.FA66.NUM.A","OBS_VALUE","Mauritania, Islamic Republic of","Mobile money transactions (during the reference year)","Number","Annual","Units","","","","","","","","","","297624","7921444","","",""
"IMF.STA:FAS(4.0.0)","BDI.FA63.NUM.A","OBS_VALUE","Burundi","Active mobile money accounts","Number","Annual","Units","","","","","","","","","","","","","",""
"IMF.STA:FAS(4.0.0)","MRT.FA57.NUM.A","OBS_VALUE","Mauritania, Islamic Republic of","Registered mobile money agent outlets","Number","Annual","Units","","","124","171","1371","1636","","","","94","207","","",""
"IMF.STA:FAS(4.0.0)","MRT.FA63.NUM.A","OBS_VALUE","Mauritania, Islamic Republic of","Active mobile money accounts","Number","Annual","Units","","","","","","","","","","102804","156412","","",""
"IMF.STA:FAS(4.0.0)","BDI.FA66.NUM.A","OBS_VALUE","Burundi","Mobile money transactions (during the reference year)","Number","Annual","Units","","","","","","","","","","","","","",""
"IMF.STA:FAS(4.0.0)","CAF.FA57.NUM.A","OBS_VALUE","Central African Republic","Registered mobile money agent outlets","Number","Annual","Units","","","","","","3","30","","","","","","",""
"IMF.STA:FAS(4.0.0)","CAF.FA66.NUM.A","OBS_VALUE","Central African Republic","Mobile money transactions (during the reference year)","Number","Annual","Units","","","","","","1925","2217","","","","","","",""
"IMF.STA:FAS(4.0.0)","CAF.FA63.NUM.A","OBS_VALUE","Central African Republic","Active mobile money accounts","Number","Annual","Units","","","","","","422","2859","","","","","","",""
"IMF.STA:FAS(4.0.0)","LBY.FA66.NUM.A","OBS_VALUE","Libya","Mobile money transactions (during the reference year)","Number","Annual","Units","","","","","","","1974","1654970","939517","776138","1123542","629857","",""
"IMF.STA:FAS(4.0.0)","LBY.FA63.NUM.A","OBS_VALUE","Libya","Active mobile money accounts","Number","Annual","Units","","","","","","","419","76321","88256","82256","85239","66234","",""
"IMF.STA:FAS(4.0.0)","LBY.FA57.NUM.A","OBS_VALUE","Libya","Registered mobile money agent outlets","Number","Annual","Units","","","","","","","38","967","1533","1999","2458","2633","",""
"IMF.STA:FAS(4.0.0)","UGA.FA57.NUM.A","OBS_VALUE","Uganda","Registered mobile money agent outlets","Number","Annual","Units","","","53560","79002","109458","132937","159790","184529","212517","263698","475755","479585","697337","914556"
"IMF.STA:FAS(4.0.0)","UGA.FA66.NUM.A","OBS_VALUE","Uganda","Mobile money transactions (during the reference year)","Number","Annual","Units","87480931","241727421","399460833","496268636","693558390","974736355","1086145169","1878783504","2840934219.97","3526972164.5","4290780097","","","788563833"
"IMF.STA:FAS(4.0.0)","UGA.FA63.NUM.A","OBS_VALUE","Uganda","Active mobile money accounts","Number","Annual","Units","","","","","","","","14652583","16637123","19759974","22669251","25389777","27806313","32127030"
"IMF.STA:FAS(4.0.0)","STP.FA63.NUM.A","OBS_VALUE","São Tomé and Príncipe, Democratic Republic of","Active mobile money accounts","Number","Annual","Units","","","","","","","","","","","","","",""
"IMF.STA:FAS(4.0.0)","STP.FA26N.PTKM2_NUM.A","OBS_VALUE","São Tomé and Príncipe, Democratic Republic of","Number of commercial bank branches","Per 1,000 square km","Annual","Units","31.25","35.41666666666667","36.45833333333333","35.41666666666667","35.41666666666667","30.20833333333333","30.20833333333333","26.04166666666667","26.04166666666667","26.04166666666667","23.95833333333333","20.83333333333333","19.79166666666667",""
"IMF.STA:FAS(4.0.0)","STP.FA57.NUM.A","OBS_VALUE","São Tomé and Príncipe, Democratic Republic of","Registered mobile money agent outlets","Number","Annual","Units","","","","","","","","","","","","","",""
"IMF.STA:FAS(4.0.0)","STP.FA66.NUM.A","OBS_VALUE","São Tomé and Príncipe, Democratic Republic of","Mobile money transactions (during the reference year)","Number","Annual","Units","","","","","","","","","","","","","",""
"IMF.STA:FAS(4.0.0)","BWA.FA66.NUM.A","OBS_VALUE","Botswana","Mobile money transactions (during the reference year)","Number","Annual","Units","517457","1236693","3195959","4385756","11481936","18360987","23134925","33016545","41963045","81811877","89002654","111656177","133087342","158867747"
"IMF.STA:FAS(4.0.0)","UGA.FA26N.PTKM2_NUM.A","OBS_VALUE","Uganda","Number of commercial bank branches","Per 1,000 square km","Annual","Units","2.089567125473768","2.443646519050469","2.717933373229603","2.907440654298823","3.007181328545781","2.982246159984041","2.882505485737084","2.922401755435867","3.042090564532216","3.012168362258129","2.907440654298823","3.042090564532216","3.042090564532216","2.932375822860563"
"IMF.STA:FAS(4.0.0)","BWA.FA26N.PTKM2_NUM.A","OBS_VALUE","Botswana","Number of commercial bank branches","Per 1,000 square km","Annual","Units","0.2046830060169746","0.209976532034655","0.2187990753974556","0.2276216187602562","0.2152700580523353","0.2258571100876961","0.2135055493797752","0.2435021968132973","0.252324740176098","0.2487957228309777","0.2117410407072151","0.2417376881407372","0.2611472835388986","0.2399731794681771"
"IMF.STA:FAS(4.0.0)","NGA.FA26N.PTKM2_NUM.A","OBS_VALUE","Nigeria","Number of commercial bank branches","Per 1,000 square km","Annual","Units","6.401177026032917","5.960890235734598","6.21122786213863","6.059707719841453","5.53377910998386","5.411904212918739","5.206583440385608","5.193407775838027","5.944420655050122","5.6874951963723","5.63589051022761","4.990282947396159","5.019928192628216","4.944168121479627"
"IMF.STA:FAS(4.0.0)","BWA.FA63.NUM.A","OBS_VALUE","Botswana","Active mobile money accounts","Number","Annual","Units","160874","308977","510604","729547","713382","877017","1081522","1184813","1402080","1781971","2018735","2986795","2437673","2696648"
"IMF.STA:FAS(4.0.0)","NGA.FA66.NUM.A","OBS_VALUE","Nigeria","Mobile money transactions (during the reference year)","Number","Annual","Units","","2297688","15930181","27744797","43933362","47053252","47819112","94653446","315680897","769238689","1201541158","1926293135","10774795048","17337971996"
"IMF.STA:FAS(4.0.0)","BWA.FA57.NUM.A","OBS_VALUE","Botswana","Registered mobile money agent outlets","Number","Annual","Units","","","","202","1736","1556","1351","1456","2911","3426","6687","13050","15022","16452"
"IMF.STA:FAS(4.0.0)","NGA.FA63.NUM.A","OBS_VALUE","Nigeria","Active mobile money accounts","Number","Annual","Units","","","","","","","","","","","23116378","28113901","37867662",""
"IMF.STA:FAS(4.0.0)","RWA.FA63.NUM.A","OBS_VALUE","Rwanda","Active mobile money accounts","Number","Annual","Units","410735","877730","1697775","2317505","2522096","3333349","3774438","4662206","4700987","4688124","5125090","6036044","6890768","7169324"
"IMF.STA:FAS(4.0.0)","RWA.FA57.NUM.A","OBS_VALUE","Rwanda","Registered mobile money agent outlets","Number","Annual","Units","1387","3102","8726","28664","40467","59952","83531","107858","98359","131173","124373","150767","162199","225132"
"IMF.STA:FAS(4.0.0)","RWA.FA26N.PTKM2_NUM.A","OBS_VALUE","Rwanda","Number of commercial bank branches","Per 1,000 square km","Annual","Units","13.57924604783137","14.38994730441832","15.68706931495744","15.80867450344548","17.0247263883259","17.71382245642481","17.95703283340089","17.26793676530199","16.41670044588569","14.59262261856506","11.02553708958249","10.7823267126064","","17.18686663964329"
"IMF.STA:FAS(4.0.0)","RWA.FA66.NUM.A","OBS_VALUE","Rwanda","Mobile money transactions (during the reference year)","Number","Annual","Units","697497","22191674","57147777","104773115","168612455","205687966","251361153","299941137","378847720","701306416","914928988","1521111711","2263051143","2537441831.6945"
"IMF.STA:FAS(4.0.0)","SSD.FA63.NUM.A","OBS_VALUE","South Sudan, Republic of","Active mobile money accounts","Number","Annual","Units","","","","","","","","","","","","","","1078726"
"IMF.STA:FAS(4.0.0)","SSD.FA66.NUM.A","OBS_VALUE","South Sudan, Republic of","Mobile money transactions (during the reference year)","Number","Annual","Units","","","","","","","","","","","","","","291711755"
"IMF.STA:FAS(4.0.0)","SSD.FA57.NUM.A","OBS_VALUE","South Sudan, Republic of","Registered mobile money agent outlets","Number","Annual","Units","","","","","","","","","","","","","","34445"
"IMF.STA:FAS(4.0.0)","SSD.FA26N.PTKM2_NUM.A","OBS_VALUE","South Sudan, Republic of","Number of commercial bank branches","Per 1,000 square km","Annual","Units","0.06646305761714114","0.08703495640339911","0.1376734764926495","0.1819821815707436","0.1582453752789075","0.1629927365372747","0.1455857452565949","0.1392559302454386","0.1440032915038058","0.1503331065149621","0.147168199009384","0.1534980140205402","0.1582453752789075","0.1962242653458453"
"IMF.STA:FAS(4.0.0)","NGA.FA57.NUM.A","OBS_VALUE","Nigeria","Registered mobile money agent outlets","Number","Annual","Units","","28083","33558","19774","21086","13877","11226","41411","145800","129154","10297655","22883322","",""
"IMF.STA:FAS(4.0.0)","MWI.FA66.NUM.A","OBS_VALUE","Malawi","Mobile money transactions (during the reference year)","Number","Annual","Units","","480343","12008212","","","87296997","128432471","185092020","276078116","433773953","","1002381234","1316144808","1847485654.5"
"IMF.STA:FAS(4.0.0)","MWI.FA57.NUM.A","OBS_VALUE","Malawi","Registered mobile money agent outlets","Number","Annual","Units","","3847","13091","","","24426","30929","39434","52200","80642","","243857","331317","491591"
"IMF.STA:FAS(4.0.0)","EGY.FA26N.PHTADLT_NUM.A","OBS_VALUE","Egypt, Arab Republic of","Number of commercial bank branches","Per 100,000 adults","Annual","Units","4.649148444518931","4.59469262180525","4.575642560614154","4.5665675609426","4.623648209034827","4.744948402718768","4.880638606954775","4.996794517879899","6.65390317462651","6.760889699945797","6.792708534155424","6.64966544645472","6.58215086390207","6.564351114438116"
"IMF.STA:FAS(4.0.0)","MWI.FA63.NUM.A","OBS_VALUE","Malawi","Active mobile money accounts","Number","Annual","Units","","55090","310602","","","1266589","1494884","2458421","3744653","5479452","","7060059","8099749","9540460"
"IMF.STA:FAS(4.0.0)","EGY.FA57.NUM.A","OBS_VALUE","Egypt, Arab Republic of","Registered mobile money agent outlets","Number","Annual","Units","","","","","","","","","351783","658629","700000","753350","819514","906311"
"IMF.STA:FAS(4.0.0)","EGY.FA66.NUM.A","OBS_VALUE","Egypt, Arab Republic of","Mobile money transactions (during the reference year)","Number","Annual","Units","","","","","","11200000","15000000","24000000","47000000","115677754","257792044","513048453","1023545594","1918285139"
"IMF.STA:FAS(4.0.0)","MWI.FA26N.PTKM2_NUM.A","OBS_VALUE","Malawi","Number of commercial bank branches","Per 1,000 square km","Annual","Units","0.9333899024183284","2.959270258803564","3.044123886296139","3.128977513788714","3.288078065337293","3.022910479422995","2.312261349172677","2.471361900721256","2.535002121340687","2.397114976665252","2.397114976665252","2.397114976665252","2.227407721680102","2.322868052609249"
"IMF.STA:FAS(4.0.0)","EGY.FA63.NUM.A","OBS_VALUE","Egypt, Arab Republic of","Active mobile money accounts","Number","Annual","Units","","","","","","","","","1148070","2361647","5421573","8046190","13804866","20327031"
"IMF.STA:FAS(4.0.0)","EGY.FA26N.PTKM2_NUM.A","OBS_VALUE","Egypt, Arab Republic of","Number of commercial bank branches","Per 1,000 square km","Annual","Units","2.644030338038073","2.670149178763373","2.717364006228339","2.769601687678939","2.855994776231855","2.984579838264102","3.128233462253252","3.264855090662514","4.433170927721131","4.590888542870059","4.699382188959767","4.688331910191371","4.740569591641971","4.832990104977648"
"IMF.STA:FAS(4.0.0)","LSO.FA63.NUM.A","OBS_VALUE","Lesotho, Kingdom of","Active mobile money accounts","Number","Annual","Units","","","14078","87200","210914","347786","411357","670787","816607","882212","1131945","1280350","1398563","1299483"
"IMF.STA:FAS(4.0.0)","LSO.FA66.NUM.A","OBS_VALUE","Lesotho, Kingdom of","Mobile money transactions (during the reference year)","Number","Annual","Units","","","588904","6084544","16761604","29686875","40336227","55662032.97","58234678","62740238","72709307","85647321","95156088","112678657"
"IMF.STA:FAS(4.0.0)","LSO.FA26N.PTKM2_NUM.A","OBS_VALUE","Lesotho, Kingdom of","Number of commercial bank branches","Per 1,000 square km","Annual","Units","1.449275362318841","1.449275362318841","1.58102766798419","1.58102766798419","1.679841897233202","1.745718050065876","1.745718050065876","1.745718050065876","1.778656126482213","1.811594202898551","1.778656126482213","1.778656126482213","1.778656126482213","1.778656126482213"
"IMF.STA:FAS(4.0.0)","LSO.FA57.NUM.A","OBS_VALUE","Lesotho, Kingdom of","Registered mobile money agent outlets","Number","Annual","Units","","","1445","2502","3534","6323","7750","9249","11792","18197","22063","26035","30949","48069"
"IMF.STA:FAS(4.0.0)","CPV.FA63.NUM.A","OBS_VALUE","Cabo Verde","Active mobile money accounts","Number","Annual","Units","","","","","","","","","","","","235797","254693","289305"
"IMF.STA:FAS(4.0.0)","MRT.FA26N.PTKM2_NUM.A","OBS_VALUE","Mauritania, Islamic Republic of","Number of commercial bank branches","Per 1,000 square km","Annual","Units","0.08731929756476181","0.1009022994081692","0.1484428058600951","0.1591151644513437","0.1726981662947511","0.2076258853206559","0.2144173862423596","0.2794217522072378","0.2997962549723489","0.3046473270592801","0.3172601144853013","0.3046473270592801","0.3376346172504123","0.3541282623459785"
"IMF.STA:FAS(4.0.0)","CPV.FA26N.PTKM2_NUM.A","OBS_VALUE","Cabo Verde","Number of commercial bank branches","Per 1,000 square km","Annual","Units","25.80645161290323","29.52853598014888","30.02481389578164","30.27295285359801","30.76923076923077","31.01736972704715","29.52853598014888","31.26550868486352","31.26550868486352","30.76923076923077","32.25806451612903","33.00248138957816","33.00248138957816","33.7468982630273"
"IMF.STA:FAS(4.0.0)","CPV.FA66.NUM.A","OBS_VALUE","Cabo Verde","Mobile money transactions (during the reference year)","Number","Annual","Units","","","","","","","","","","","","","",""
"IMF.STA:FAS(4.0.0)","CPV.FA57.NUM.A","OBS_VALUE","Cabo Verde","Registered mobile money agent outlets","Number","Annual","Units","","","","","","","","","","","","","",""
"IMF.STA:FAS(4.0.0)","SWZ.FA66.NUM.A","OBS_VALUE","Eswatini, Kingdom of","Mobile money transactions (during the reference year)","Number","Annual","Units","20884","132458","444307","978027","2094745","4281178","6227346","9271052","14422795","14423664","18685517","23669624","28050396","139288957"
"IMF.STA:FAS(4.0.0)","SWZ.FA63.NUM.A","OBS_VALUE","Eswatini, Kingdom of","Active mobile money accounts","Number","Annual","Units","46036","132855","192618","256056","333393","427927","513287","598028","448014","568973","623663","732159","681092","716651"
"IMF.STA:FAS(4.0.0)","SWZ.FA26N.PTKM2_NUM.A","OBS_VALUE","Eswatini, Kingdom of","Number of commercial bank branches","Per 1,000 square km","Annual","Units","2.732558139534884","2.732558139534884","2.674418604651163","2.674418604651163","3.13953488372093","2.906976744186047","2.616279069767442","2.848837209302326","2.732558139534884","2.848837209302326","2.790697674418605","2.790697674418605","2.906976744186047","2.906976744186047"
"IMF.STA:FAS(4.0.0)","SWZ.FA57.NUM.A","OBS_VALUE","Eswatini, Kingdom of","Registered mobile money agent outlets","Number","Annual","Units","223","279","385","587","814","2033","3539","6681","11084","12544","17072","21283","27408","33029"
"IMF.STA:FAS(4.0.0)","MDG.FA26N.PTKM2_NUM.A","OBS_VALUE","Madagascar, Republic of","Number of commercial bank branches","Per 1,000 square km","Annual","Units","0.324856693508882","0.3540766077398396","0.3815744242007563","0.446888965280165","0.5018906840838776","0.5534547954623582","0.6015812994156067","0.6376761773805431","0.6789274664833276","0.71674114816088","0.8697146785837057","0.89377793056033","0.888621519422482","0.9058095565486421"
"IMF.STA:FAS(4.0.0)","MDG.FA63.NUM.A","OBS_VALUE","Madagascar, Republic of","Active mobile money accounts","Number","Annual","Units","86794","135106","141925","396329","544402","791418","1035898","435017","2260623","2590638","3067880","3804260","4820440","6118287"
"IMF.STA:FAS(4.0.0)","MDG.FA66.NUM.A","OBS_VALUE","Madagascar, Republic of","Mobile money transactions (during the reference year)","Number","Annual","Units","2958516","6349173","8299720","20123980","28728048","54912987","88007466","3644278","294475574","350421863","500707849","726600830","923583159","1266657937"
"IMF.STA:FAS(4.0.0)","MDG.FA57.NUM.A","OBS_VALUE","Madagascar, Republic of","Registered mobile money agent outlets","Number","Annual","Units","1940","3241","4535","7489","10826","13444","19328","8483","51705","62313","85006","115943","158457","204458"
"IMF.STA:FAS(4.0.0)","MUS.FA57.NUM.A","OBS_VALUE","Mauritius","Registered mobile money agent outlets","Number","Annual","Units","","","","","","125","133","132","2082","3371","3866","1729","3024","5085"
"IMF.STA:FAS(4.0.0)","NAM.FA26N.PTKM2_NUM.A","OBS_VALUE","Namibia","Number of commercial bank branches","Per 1,000 square km","Annual","Units","0.212561794750331","0.2149910724046205","0.2210642665403442","0.2356399324660812","0.241713126601805","0.2793669302432922","0.193127573516015","0.2137764335774757","0.2137764335774757","0.2101325170960415","0.1858397405531465","0.1858397405531465","0.1615469640102516","0.183410462898857"
"IMF.STA:FAS(4.0.0)","MUS.FA26N.PTKM2_NUM.A","OBS_VALUE","Mauritius","Number of commercial bank branches","Per 1,000 square km","Annual","Units","106.6599899849775","109.1637456184276","111.6675012518778","113.670505758638","110.6659989984977","104.6569854782173","96.14421632448673","89.13370055082624","86.12919379068603","81.62243365047571","79.61942914371557","77.1156735102654","75.61342013019529","76.11417125688533"
"IMF.STA:FAS(4.0.0)","MUS.FA63.NUM.A","OBS_VALUE","Mauritius","Active mobile money accounts","Number","Annual","Units","","","","","","116169","69541","134512","126070","153287","144388","152947","207642","274689"
"IMF.STA:FAS(4.0.0)","MUS.FA66.NUM.A","OBS_VALUE","Mauritius","Mobile money transactions (during the reference year)","Number","Annual","Units","","","","","","61376","62598","72538","358053","1267530","3088206","4000905","5619323","8559482"
"IMF.STA:FAS(4.0.0)","GMB.FA57.NUM.A","OBS_VALUE","Gambia, The","Registered mobile money agent outlets","Number","Annual","Units","","","","","","","","","1344","1678","1543","1785","3589","5581"
"IMF.STA:FAS(4.0.0)","GMB.FA63.NUM.A","OBS_VALUE","Gambia, The","Active mobile money accounts","Number","Annual","Units","","","","","","","","","10425","20783","57604","72899","105063","722772"
"IMF.STA:FAS(4.0.0)","GMB.FA66.NUM.A","OBS_VALUE","Gambia, The","Mobile money transactions (during the reference year)","Number","Annual","Units","","","","","","","","","18741","109204200","131118855","144829032","3144346","6116654"
"IMF.STA:FAS(4.0.0)","NAM.FA57.NUM.A","OBS_VALUE","Namibia","Registered mobile money agent outlets","Number","Annual","Units","16","199","199","233","407","998","333","947","173","","2039","2067","1720","1540"
"IMF.STA:FAS(4.0.0)","NAM.FA63.NUM.A","OBS_VALUE","Namibia","Active mobile money accounts","Number","Annual","Units","16426","22160","23755","194114","645903","1082973","952849","1462470","1660960","1351725","2096002","2362509","2800912","3617052"
"IMF.STA:FAS(4.0.0)","GMB.FA26N.PTKM2_NUM.A","OBS_VALUE","Gambia, The","Number of commercial bank branches","Per 1,000 square km","Annual","Units","7.213438735177866","7.411067193675889","7.707509881422925","7.905138339920949","8.300395256916996","8.399209486166008","8.596837944664032","8.49802371541502","8.49802371541502","8.49802371541502","8.695652173913043","8.893280632411067","8.992094861660079","9.189723320158103"
"IMF.STA:FAS(4.0.0)","NAM.FA66.NUM.A","OBS_VALUE","Namibia","Mobile money transactions (during the reference year)","Number","Annual","Units","68991","94500","90494","146357","5609239","10843923","2555794","2927973","7959186","16483829","11408819","14396795","18302996.745","31816109"
"IMF.STA:FAS(4.0.0)","BEN.FA26N.PTKM2_NUM.A","OBS_VALUE","Benin","Number of commercial bank branches","Per 1,000 square km","Annual","Units","1.551968783256474","1.596310748492373","1.684994678964172","1.79141539553033","1.951046470379567","1.995388435615466","1.915572898190848","1.915572898190848","2.38559772969138","2.137282724370344","2.234835047889322","1.977651649521107","1.915572898190848","1.888967719049308"
"IMF.STA:FAS(4.0.0)","GHA.FA63.NUM.A","OBS_VALUE","Ghana","Active mobile money accounts","Number","Annual","Units","","345434","991780","2526588","4868569","8313283","11119376","13056978","14459352","17142677","17900000","20400000","20918000","23500000"
"IMF.STA:FAS(4.0.0)","GNB.FA63.NUM.A","OBS_VALUE","Guinea-Bissau","Active mobile money accounts","Number","Annual","Units","","","","","18819","25591","41942","103850","481133","1297349","1596024","1973039","2458937","3277322"
"IMF.STA:FAS(4.0.0)","GHA.FA26N.PHTADLT_NUM.A","OBS_VALUE","Ghana","Number of commercial bank branches","Per 100,000 adults","Annual","Units","5.440210095859428","5.736525468844282","5.901370160410488","6.129088332913845","7.217664711972545","7.212814169827903","8.684419314080173","8.817350501183314","8.576095472867852","6.345294760356988","11.86892130435783","6.107924354590538","5.846573519457288","5.893520369749958"
"IMF.STA:FAS(4.0.0)","ZMB.FA66.NUM.A","OBS_VALUE","Zambia","Mobile money transactions (during the reference year)","Number","Annual","Units","652965","3878437","9469587","1203877","2838650","6005667","11351176","274698054","517752222","711156958","834121817","1581355224","2242443898","2990936749"
"IMF.STA:FAS(4.0.0)","AGO.FA26N.PTKM2_NUM.A","OBS_VALUE","Angola","Number of commercial bank branches","Per 1,000 square km","Annual","Units","0.8598700569503489","0.9609368733456325","1.143819683965669","1.18232132830673","1.234458971685249","1.260928852169728","1.301034731691666","1.319483436271757","1.286596615063768","1.25290767626534","1.219218737466913","1.190342504211117","1.162268388545761","1.152642977460496"
"IMF.STA:FAS(4.0.0)","ZMB.FA57.NUM.A","OBS_VALUE","Zambia","Registered mobile money agent outlets","Number","Annual","Units","3278","7266","14528","13354","19249","20536","21897","51733","108428","212881","252097","409771","439487","583459"
"IMF.STA:FAS(4.0.0)","DJI.FA63.NUM.A","OBS_VALUE","Djibouti","Active mobile money accounts","Number","Annual","Units","","","","","","","","","","","","","",""
"IMF.STA:FAS(4.0.0)","DJI.FA66.NUM.A","OBS_VALUE","Djibouti","Mobile money transactions (during the reference year)","Number","Annual","Units","","","","","","","","","","","","","",""
"IMF.STA:FAS(4.0.0)","DJI.FA26N.PTKM2_NUM.A","OBS_VALUE","Djibouti","Number of commercial bank branches","Per 1,000 square km","Annual","Units","1.207937877480587","1.294219154443486","1.251078515962036","1.423641069887834","1.639344262295082","1.639344262295082","2.070750647109577","2.286453839516825","2.804141501294219","2.588438308886972","2.76100086281277","3.149266609145815","3.321829163071613","2.933563416738568"
"IMF.STA:FAS(4.0.0)","AGO.FA57.NUM.A","OBS_VALUE","Angola","Registered mobile money agent outlets","Number","Annual","Units","","","","","141","152","412","572","176","200","2232","2368","8847","17020"
"IMF.STA:FAS(4.0.0)","ZMB.FA26N.PTKM2_NUM.A","OBS_VALUE","Zambia","Number of commercial bank branches","Per 1,000 square km","Annual","Units","0.4102826241945681","0.4479479142845613","0.4896487711699108","0.5353851948506168","0.5515274620320424","0.5730504849406099","0.5730504849406099","0.5031006604877655","0.438531591762063","0.4371864028302775","0.4129730020581391","0.41566337992171","0.4210441356488519","0.4210441356488519"
"IMF.STA:FAS(4.0.0)","DJI.FA57.NUM.A","OBS_VALUE","Djibouti","Registered mobile money agent outlets","Number","Annual","Units","","","","","","","","","","","","","",""
"IMF.STA:FAS(4.0.0)","AGO.FA63.NUM.A","OBS_VALUE","Angola","Active mobile money accounts","Number","Annual","Units","","","","","","","","","89104","131234","119655","212145","371984","444918"
"IMF.STA:FAS(4.0.0)","AGO.FA66.NUM.A","OBS_VALUE","Angola","Mobile money transactions (during the reference year)","Number","Annual","Units","","","","","34091","34128","635952","2689262","373257","68706","3930982","13538413","134752222","169089707.12"
"IMF.STA:FAS(4.0.0)","ZMB.FA63.NUM.A","OBS_VALUE","Zambia","Active mobile money accounts","Number","Annual","Units","19365","50231","88688","332926","250108","521098","1450533","3443973","4852040","8609265","9867409","11246686","12947310","12328755"
"IMF.STA:FAS(4.0.0)","GHA.FA57.NUM.A","OBS_VALUE","Ghana","Registered mobile money agent outlets","Number","Annual","Units","","8660","17492","26889","79747","136769","194688","396599","306346","423892","580000","700000","817000","883000"
"IMF.STA:FAS(4.0.0)","GNB.FA26N.PTKM2_NUM.A","OBS_VALUE","Guinea-Bissau","Number of commercial bank branches","Per 1,000 square km","Annual","Units","0.7467994310099573","0.817923186344239","0.9246088193456615","0.9246088193456615","1.173541963015647","1.173541963015647","1.173541963015647","1.173541963015647","1.493598862019915","1.493598862019915","1.493598862019915","1.493598862019915","1.529160739687055","1.920341394025605"
"IMF.STA:FAS(4.0.0)","BFA.FA26N.PTKM2_NUM.A","OBS_VALUE","Burkina Faso","Number of commercial bank branches","Per 1,000 square km","Annual","Units","0.668859649122807","0.7054093567251462","0.7894736842105263","0.9685672514619883","1.048976608187135","1.074561403508772","1.100146198830409","1.125730994152047","1.264619883040936","1.198830409356725","1.304824561403509","1.366959064327485","1.345029239766082","1.345029239766082"
"IMF.STA:FAS(4.0.0)","GNB.FA57.NUM.A","OBS_VALUE","Guinea-Bissau","Registered mobile money agent outlets","Number","Annual","Units","","","","","448","330","1782","3294","9779","14288","19382","22349","23960","37321"
"IMF.STA:FAS(4.0.0)","BFA.FA66.NUM.A","OBS_VALUE","Burkina Faso","Mobile money transactions (during the reference year)","Number","Annual","Units","","","","","53854214","137361072","351604190","496137437","770383546","1035980264","1277794863","1591884430","2893874811","2176710400"
"IMF.STA:FAS(4.0.0)","GNB.FA66.NUM.A","OBS_VALUE","Guinea-Bissau","Mobile money transactions (during the reference year)","Number","Annual","Units","","","","","265484","304014","619620","2002035","6704422","22471104","43692692","31179511","72924806","83548588"
"IMF.STA:FAS(4.0.0)","BEN.FA57.NUM.A","OBS_VALUE","Benin","Registered mobile money agent outlets","Number","Annual","Units","","","","","10489","20877","41172","72468","107903","174297","208522","334793","462202","324976"
"IMF.STA:FAS(4.0.0)","SEN.FA63.NUM.A","OBS_VALUE","Senegal","Active mobile money accounts","Number","Annual","Units","","","","","1817153","1968176","2240315","2755017","4034751","5796504","16211374","16461947","14385474","14648818"
"IMF.STA:FAS(4.0.0)","MLI.FA57.NUM.A","OBS_VALUE","Mali","Registered mobile money agent outlets","Number","Annual","Units","","","","","34138","43842","46280","57008","148485","202764","233055","237015","259150","135782"
"IMF.STA:FAS(4.0.0)","GHA.FA26N.PTKM2_NUM.A","OBS_VALUE","Ghana","Number of commercial bank branches","Per 1,000 square km","Annual","Units","3.594972312560429","3.88942603498286","4.10477278720225","4.372857519557001","5.282587676891975","5.418827458908324","6.697723477190824","6.974597872901468","6.952837610368606","5.27402979826836","10.11281879991034","5.331094830200454","5.225615624986266","5.392624366575398"
"IMF.STA:FAS(4.0.0)","BFA.FA63.NUM.A","OBS_VALUE","Burkina Faso","Active mobile money accounts","Number","Annual","Units","","","","","739653","1566110","3628158","5771847","7377347","9016678","12529927","13330759","8912642","8917292"
"IMF.STA:FAS(4.0.0)","GHA.FA66.NUM.A","OBS_VALUE","Ghana","Mobile money transactions (during the reference year)","Number","Annual","Units","","18042241","40853559","113179738","266246537","550218427","981564563","1454470801","2009989300","2859624191","4010000000","5066000000","6806000000","8090000000"
"IMF.STA:FAS(4.0.0)","SEN.FA57.NUM.A","OBS_VALUE","Senegal","Registered mobile money agent outlets","Number","Annual","Units","","","","","32552","39172","67315","121565","187648","239748","385950","386373","246854","298359"
"IMF.STA:FAS(4.0.0)","BEN.FA66.NUM.A","OBS_VALUE","Benin","Mobile money transactions (during the reference year)","Number","Annual","Units","","","","","14655315","38399466","106090427","198447926","331517370","608786498","939902238","1507395397","2090988221","2548350605"
"IMF.STA:FAS(4.0.0)","BEN.FA63.NUM.A","OBS_VALUE","Benin","Active mobile money accounts","Number","Annual","Units","","","","","393912","974293","1954580","2667347","4314922","5253233","6360525","8489395","11173672","11252487"
"IMF.STA:FAS(4.0.0)","NER.FA57.NUM.A","OBS_VALUE","Niger","Registered mobile money agent outlets","Number","Annual","Units","","","","","34201","22708","21274","26666","22671","16304","35832","51859","89767","135564"
"IMF.STA:FAS(4.0.0)","NER.FA66.NUM.A","OBS_VALUE","Niger","Mobile money transactions (during the reference year)","Number","Annual","Units","","","","","27231673","40454351","35724017","23445050","14900737","12356525","21976511","20125902","21588941","31980545"
"IMF.STA:FAS(4.0.0)","SEN.FA66.NUM.A","OBS_VALUE","Senegal","Mobile money transactions (during the reference year)","Number","Annual","Units","","","","","28328242","72673296","150421047","298788630","435565368","572118072","998321085","1461739554","2139627672","2874467953"
"IMF.STA:FAS(4.0.0)","MLI.FA66.NUM.A","OBS_VALUE","Mali","Mobile money transactions (during the reference year)","Number","Annual","Units","","","","","134649789","147237436","190986889","256676322","337972716","413947723","540169859","775303711","1004371892","1271864559"
"IMF.STA:FAS(4.0.0)","BFA.FA57.NUM.A","OBS_VALUE","Burkina Faso","Registered mobile money agent outlets","Number","Annual","Units","","","","","16217","12675","22292","68382","91677","106797","132849","150249","127582","149369"
"IMF.STA:FAS(4.0.0)","SEN.FA26N.PTKM2_NUM.A","OBS_VALUE","Senegal","Number of commercial bank branches","Per 1,000 square km","Annual","Units","1.73998857320937","1.880226458214304","1.901002441177998","1.978912377291851","2.181478211187867","2.264582143042643","2.61777385342544","2.628161844907287","2.519087934347894","2.607385861943593","2.887861631953462","2.903443619176232","3.059263491403937","3.131979431776866"
"IMF.STA:FAS(4.0.0)","MLI.FA63.NUM.A","OBS_VALUE","Mali","Active mobile money accounts","Number","Annual","Units","","","","","1944774","2193892","2299667","2751700","3062549","3927250","4226523","5364675","5477421","5828234"
"IMF.STA:FAS(4.0.0)","MLI.FA26N.PTKM2_NUM.A","OBS_VALUE","Mali","Number of commercial bank branches","Per 1,000 square km","Annual","Units","0.2835623960202919","0.3294568878617265","0.3548627672739491","0.4073136150927315","0.4507494734426606","0.46714036338603","0.4089527040870684","0.4122308820757423","0.4212458715445955","0.4105917930814054","0.4163286045615847","0.4015768036125521","0.4032158926068891","0.3933813586408674"
"IMF.STA:FAS(4.0.0)","NER.FA26N.PTKM2_NUM.A","OBS_VALUE","Niger","Number of commercial bank branches","Per 1,000 square km","Annual","Units","0.08447146127733481","0.1081550485513539","0.1199968421883635","0.1255230125523013","0.1342069945527749","0.1365753532801768","0.1428909765532486","0.1444698823715165","0.1507855056445883","0.1531538643719902","0.1610483934633299","0.1681534696455356","0.1673640167364017","0.1665745638272677"
"IMF.STA:FAS(4.0.0)","NER.FA63.NUM.A","OBS_VALUE","Niger","Active mobile money accounts","Number","Annual","Units","","","","","297231","286701","323360","301049","166708","273353","492491","425533","295471","441764"
"IMF.STA:FAS(4.0.0)","CAF.FA26N.PTKM2_NUM.A","OBS_VALUE","Central African Republic","Number of commercial bank branches","Per 1,000 square km","Annual","Units","0.0369193232527529","0.03852451122026389","0.04173488715528588","0.03852451122026389","0.02728819544768692","0.02728819544768692","0.02889338341519792","","","","","","",""
"IMF.STA:FAS(4.0.0)","TZA.FA26N.PTKM2_NUM.A","OBS_VALUE","Tanzania, United Republic of","Number of commercial bank branches","Per 1,000 square km","Annual","Units","0.6028448859787762","0.6638067283811244","0.7631519530368029","0.8308873334838564","0.8624971776924814","0.9573267103183563","0.9697448634003161","0.918943328065026","1.008128245653646","0.970873786407767","0.9934522465567848","0.9832919394897268","1.179724542786182","1.087152856175209"
"IMF.STA:FAS(4.0.0)","COD.FA26N.PTKM2_NUM.A","OBS_VALUE","Congo, Democratic Republic of the","Number of commercial bank branches","Per 1,000 square km","Annual","Units","0.09660131007256126","0.1129220793542269","0.1093932643744073","0.1385059879579189","0.1857038883130059","0.1570322666019717","0.1685009152863854","0.1773229527359344","0.1393881917028738","","","","",""
"IMF.STA:FAS(4.0.0)","TZA.FA57.NUM.A","OBS_VALUE","Tanzania, United Republic of","Registered mobile money agent outlets","Number","Annual","Units","83795","97613","153369","238461","270974","371132","427445","483283","569187","702284","838759","1038874","1240052","1475281"
"IMF.STA:FAS(4.0.0)","TZA.FA63.NUM.A","OBS_VALUE","Tanzania, United Republic of","Active mobile money accounts","Number","Annual","Units","","7872749","11016657","13856667","19006176","17025685","19383246","23302040","24379804","30325019","33142118","38338776","51715462","60745698"
"IMF.STA:FAS(4.0.0)","ZWE.FA63.NUM.A","OBS_VALUE","Zimbabwe","Active mobile money accounts","Number","Annual","Units","","","1874968","2785602","4752287","3279049","4611608","6139160","6543758","5201677","4129470","7840317","8974125","6712554"
"IMF.STA:FAS(4.0.0)","DZA.FA26N.PTKM2_NUM.A","OBS_VALUE","Algeria","Number of commercial bank branches","Per 1,000 square km","Annual","Units","0.5785686095039761","0.5932637483520451","0.6020808316608866","0.610897914969728","0.6251729302220519","0.6339900098289445","0.6386084800992215","0.6558227783793452","0.6667391626545456","0.6709377719911611","0.6818541562663615","0.6533036127773759","0.6633802751852531","0.6721973547921457"
"IMF.STA:FAS(4.0.0)","LBY.FA26N.PTKM2_NUM.A","OBS_VALUE","Libya","Number of commercial bank branches","Per 1,000 square km","Annual","Units","0.2818918580992759","0.291553474203485","0.3017834206667652","0.3023517510258363","0.3029200813849074","0.305761733180263","0.3068983938984053","0.3097400456937609","0.3188333314388988","0.32451663502961","0.3313365993384635","0.3409982154426725","",""
"IMF.STA:FAS(4.0.0)","ZWE.FA26N.PTKM2_NUM.A","OBS_VALUE","Zimbabwe","Number of commercial bank branches","Per 1,000 square km","Annual","Units","1.207186247899703","2.551376502520357","2.732325190642368","2.985653354013183","1.233036060488561","1.209771229158589","1.191676360346387","1.178751454051958","0.8220240403257076","0.9305932531989143","1.42173969238723","1.388134936021714","1.388134936021714","1.388134936021714"
"IMF.STA:FAS(4.0.0)","ZWE.FA66.NUM.A","OBS_VALUE","Zimbabwe","Mobile money transactions (during the reference year)","Number","Annual","Units","2296318","13660357","119144664.39","178514996.88087","228202694.74","298586190","754743123","1670402172.47826","1938855307","1663736760.2","1217852036.20368","9148025410","9392413658",""
"IMF.STA:FAS(4.0.0)","TZA.FA66.NUM.A","OBS_VALUE","Tanzania, United Republic of","Mobile money transactions (during the reference year)","Number","Annual","Units","134922456","546732134","1005113297","1234147232","1387854758.89","1578200386","2061054801","2684701220","2844739343","2917350466","3158481536.47425","3595035099.24495","5061198600","6604563082"
"IMF.STA:FAS(4.0.0)","CMR.FA26N.PTKM2_NUM.A","OBS_VALUE","Cameroon","Number of commercial bank branches","Per 1,000 square km","Annual","Units","0.4315542298660913","0.4696325442660405","0.5161727063104229","0.5373273254215058","0.575405639821455","0.5859829493769965","0.5648283302659136","0.6727168877324364","0.6790632734657612","0.7002178925768442","","","",""
"IMF.STA:FAS(4.0.0)","TGO.FA26N.PTKM2_NUM.A","OBS_VALUE","Togo","Number of commercial bank branches","Per 1,000 square km","Annual","Units","3.088803088803089","3.199117484831771","3.364589078874793","3.713917999632285","4.118404118404118","4.541275969847398","4.614818900533186","4.41257584114727","4.780290494576209","5.000919286633572","4.725133296561868","4.817061959919103","4.817061959919103","4.633204633204633"
"IMF.STA:FAS(4.0.0)","GIN.FA57.NUM.A","OBS_VALUE","Guinea","Registered mobile money agent outlets","Number","Annual","Units","","","","","4206","14229","29893","36240","65763","89415","134525","164170","210920","238318"
"IMF.STA:FAS(4.0.0)","TGO.FA63.NUM.A","OBS_VALUE","Togo","Active mobile money accounts","Number","Annual","Units","","","","","476831","718948","1045512","1341595","1899463","2438561","2608297","3093642","3431285","4444234"
"IMF.STA:FAS(4.0.0)","GIN.FA63.NUM.A","OBS_VALUE","Guinea","Active mobile money accounts","Number","Annual","Units","","100","7000","35365","190157","662855","918248","1413715","1839771","2748916","2655846","3349507","4570362","4601251"
"IMF.STA:FAS(4.0.0)","GIN.FA26N.PTKM2_NUM.A","OBS_VALUE","Guinea","Number of commercial bank branches","Per 1,000 square km","Annual","Units","0.3744098974442455","0.4232459710239297","0.4517336806120788","0.6226599381409735","0.7121927397037278","0.7284714308969559","0.756959140485105","0.7895165228715611","0.8017255412664822","0.8302132508546313","0.8424222692495523","0.9034673612241576","0.9523034348038418","0.9848608171902979"
"IMF.STA:FAS(4.0.0)","TGO.FA57.NUM.A","OBS_VALUE","Togo","Registered mobile money agent outlets","Number","Annual","Units","","","","","2405","3521","13938","13482","17214","31173","38664","46310","53423","60902"
"IMF.STA:FAS(4.0.0)","TGO.FA66.NUM.A","OBS_VALUE","Togo","Mobile money transactions (during the reference year)","Number","Annual","Units","","","","","9785810","20320295","38133970","62790231","92955528","36828406","180152168","241295612","309993754","387317332"
"IMF.STA:FAS(4.0.0)","GIN.FA66.NUM.A","OBS_VALUE","Guinea","Mobile money transactions (during the reference year)","Number","Annual","Units","","","125279","1282378","6685860","44360694","129563692","235609211","315568655","421126204","535201607","707098903","1059300008","1384411780"
"IMF.STA:FAS(4.0.0)","NAM.FA26N.PHTADLT_NUM.A","OBS_VALUE","Namibia","Number of commercial bank branches","Per 100,000 adults","Annual","Units","12.87690706993706","12.72875807592956","12.74554431177562","13.22342891691256","13.20082972853389","14.85952259584231","10.01464405498606","10.80992105072433","10.53604524752523","10.08561697741638","8.689853999093529","8.467906633857679","7.157895643263398","7.907431729014933"
"IMF.STA:FAS(4.0.0)","LBY.FA26N.PHTADLT_NUM.A","OBS_VALUE","Libya","Number of commercial bank branches","Per 100,000 adults","Annual","Units","11.28192717152078","12.11893279685598","12.26037150080108","12.02084396266669","11.83056325023084","11.73350804192396","11.54842081761109","11.41155012193608","11.51039577500767","11.48979591426077","11.5096789885381","11.6182633678286","",""
"IMF.STA:FAS(4.0.0)","MDG.FA26N.PHTADLT_NUM.A","OBS_VALUE","Madagascar, Republic of","Number of commercial bank branches","Per 100,000 adults","Annual","Units","1.469954137430912","1.547283016090241","1.610389244863094","1.822277865554722","1.979025716151459","2.112093526125055","2.223548727863302","2.284395265156716","2.358488453706305","2.41606603960193","2.846759498781294","2.841048784085756","2.742554838895857","2.714183592116404"
"IMF.STA:FAS(4.0.0)","STP.FA26N.PHTADLT_NUM.A","OBS_VALUE","São Tomé and Príncipe, Democratic Republic of","Number of commercial bank branches","Per 100,000 adults","Annual","Units","27.84817176752346","30.93130521010544","31.2656328164082","29.80834984482124","29.22744973308461","24.41714588823683","23.89348449395248","20.14228510196025","19.68101018689087","19.14197989326432","17.08589002629741","14.43741021735521","13.33398833626915",""
"IMF.STA:FAS(4.0.0)","SEN.FA26N.PHTADLT_NUM.A","OBS_VALUE","Senegal","Number of commercial bank branches","Per 100,000 adults","Annual","Units","4.510321163140471","4.74639188991098","4.657101201353969","4.687510957518232","4.993484097714875","5.00829987861765","5.591774499710925","5.420100066187348","5.014890606106917","5.011006245989698","5.359832757793978","5.205386000789468","5.309042615567898","5.272136218010789"
"IMF.STA:FAS(4.0.0)","NGA.FA26N.PHTADLT_NUM.A","OBS_VALUE","Nigeria","Number of commercial bank branches","Per 100,000 adults","Annual","Units","6.123960386820851","5.547943469634181","5.625058666866068","5.340874156037369","4.747331924104178","4.514944548896492","4.219547749904362","4.090300553555161","4.552192714043193","4.23372987417224","4.077548700691053","3.508740399715706","3.429105479284543","3.280906062245906"
"IMF.STA:FAS(4.0.0)","SDN.FA26N.PTKM2_NUM.A","OBS_VALUE","Sudan","Number of commercial bank branches","Per 1,000 square km","Annual","Units","0.3270877944325482","0.3404710920770878","0.3624197002141328","0.3779443254817987","0.4041755888650964","0.4095289079229122","0.4288008565310493","0.4480728051391863","","","","","",""
"IMF.STA:FAS(4.0.0)","MRT.FA26N.PHTADLT_NUM.A","OBS_VALUE","Mauritania, Islamic Republic of","Number of commercial bank branches","Per 100,000 adults","Annual","Units","4.581281089082502","5.136842521201824","7.339210137895604","7.640690028852923","8.051023588142199","9.392123344034795","9.406228625835122","11.88036472719712","12.34694680783476","12.14913096956643","12.24811764785201","11.36884104803335","12.16366845055486","12.32490197482073"
"IMF.STA:FAS(4.0.0)","LBR.FA26N.PHTADLT_NUM.A","OBS_VALUE","Liberia","Number of commercial bank branches","Per 100,000 adults","Annual","Units","3.5542271746291","3.453149689276065","3.616667470370549","3.580770955223983","2.943511773488199","2.877354058052621","2.922423901150794","3.135794537167179","3.061615001913509","2.881957027701901","3.091473811835514","3.001909965215368","3.00364442189857",""
"IMF.STA:FAS(4.0.0)","NER.FA26N.PHTADLT_NUM.A","OBS_VALUE","Niger","Number of commercial bank branches","Per 100,000 adults","Annual","Units","1.232436200406105","1.519446699584315","1.622020204822736","1.63282575387257","1.678051091720298","1.640289453251703","1.649702529467925","1.60421971147714","1.610607409805985","1.57357765208263","1.591354762433356","1.597580438175062","1.528071428978159","1.461721632364817"
"IMF.STA:FAS(4.0.0)","TZA.FA26N.PHTADLT_NUM.A","OBS_VALUE","Tanzania, United Republic of","Number of commercial bank branches","Per 100,000 adults","Annual","Units","2.118472941229117","2.26074980766325","2.514473847091423","2.64667582550754","2.647454555610892","2.824476379383667","2.75427117239352","2.520088885454468","2.675266024199384","2.49078294460128","2.462926242971704","2.357880703255922","2.738758979984468","2.444327707842987"
"IMF.STA:FAS(4.0.0)","MUS.FA26N.PHTADLT_NUM.A","OBS_VALUE","Mauritius","Number of commercial bank branches","Per 100,000 adults","Annual","Units","21.41030589597607","21.72756031391341","22.07018318252041","22.31124880089324","21.56775103983886","20.26664701416047","18.49140919947608","17.02702418315721","16.34384407212576","15.39243145646397","14.92659214635946","14.43108267792166","14.10795670071885","14.16635211772984"
"IMF.STA:FAS(4.0.0)","RWA.FA26N.PHTADLT_NUM.A","OBS_VALUE","Rwanda","Number of commercial bank branches","Per 100,000 adults","Annual","Units","5.478102633806336","5.642638510483307","5.979473256303709","5.857223420783681","6.131119240196669","6.198482208724881","6.103119575818035","5.69713470233073","5.253780971038824","4.528471063635962","3.319197862143706","3.150822903734424","","4.747933976842624"
"IMF.STA:FAS(4.0.0)","ZMB.FA26N.PHTADLT_NUM.A","OBS_VALUE","Zambia","Number of commercial bank branches","Per 100,000 adults","Annual","Units","3.918965054010405","4.129409493202409","4.354955167291894","4.591500647770757","4.56051638393319","4.567448182782843","4.401580808115771","3.725421679882285","3.130767250215432","3.009225823416777","2.74229811728282","2.663726510285519","2.602001795630632","2.508346261734633"
"IMF.STA:FAS(4.0.0)","GIN.FA26N.PHTADLT_NUM.A","OBS_VALUE","Guinea","Number of commercial bank branches","Per 100,000 adults","Annual","Units","1.54851419221673","1.700458371634523","1.763748018564163","2.36198263896447","2.62286629826636","2.604202280466475","2.628098241703369","2.662385623776366","2.624216348388298","2.637043192052883","2.597250076788263","2.70321148830788","2.764575159228896","2.775258956316851"
"IMF.STA:FAS(4.0.0)","BFA.FA26N.PHTADLT_NUM.A","OBS_VALUE","Burkina Faso","Number of commercial bank branches","Per 100,000 adults","Annual","Units","2.020052386691895","2.067207818115703","2.244617594060908","2.671134550792783","2.8035705180041","2.781329596639094","2.757029830696385","2.732725757306625","2.974219789512918","2.729233115449556","2.8735514222027","2.913389071503682","2.774728466806444","2.685168450175495"
"IMF.STA:FAS(4.0.0)","SSD.FA26N.PHTADLT_NUM.A","OBS_VALUE","South Sudan, Republic of","Number of commercial bank branches","Per 100,000 adults","Annual","Units","0.7058973013546169","0.8802799994622289","1.34007994270003","1.779027738136399","1.581733133465535","1.690606808024375","1.631859285483317","1.577970102845995","1.546865345371685","1.542315954625389","1.466444439889181","1.48805551643657","1.447791271353292","1.699716092582987"
"IMF.STA:FAS(4.0.0)","SWZ.FA26N.PHTADLT_NUM.A","OBS_VALUE","Eswatini, Kingdom of","Number of commercial bank branches","Per 100,000 adults","Annual","Units","6.820312341282625","6.742014657426759","6.525470614103528","6.447959361035262","7.474400179385604","6.83657842922774","6.068926824926296","6.504773043158505","6.139521274094355","6.289978267483251","6.053627573264658","5.962081163798243","6.12589698446595","6.03636548019891"
"IMF.STA:FAS(4.0.0)","TGO.FA26N.PHTADLT_NUM.A","OBS_VALUE","Togo","Number of commercial bank branches","Per 100,000 adults","Annual","Units","4.160697015814364","4.198184212945415","4.301404843522883","4.624371674945131","4.993162265513633","5.359741742905557","5.300947011015621","4.932685288101705","5.200612632168069","5.294099900832945","4.86541910000727","4.821386049117042","4.683983101905237","4.379362635903614"
"IMF.STA:FAS(4.0.0)","UGA.FA26N.PHTADLT_NUM.A","OBS_VALUE","Uganda","Number of commercial bank branches","Per 100,000 adults","Annual","Units","2.477110669737417","2.802239870360377","3.013921774738712","3.110253304790846","3.094054960678307","2.937036999200812","2.709378217386633","2.62673126692359","2.615601885154324","2.480294389590517","2.297645965152396","2.31500562356612","2.23624793669468","2.082373304937505"
"IMF.STA:FAS(4.0.0)","MWI.FA26N.PHTADLT_NUM.A","OBS_VALUE","Malawi","Number of commercial bank branches","Per 100,000 adults","Annual","Units","1.071482362974148","3.295652255058915","3.285561422883924","3.269829548773498","3.324832130834504","2.954849893625404","2.182941950867184","2.25274220604373","2.230006614442213","2.033974026151686","1.961841147986105","1.89223392867534","1.695608140760022","1.705556734994333"
"IMF.STA:FAS(4.0.0)","ZWE.FA26N.PHTADLT_NUM.A","OBS_VALUE","Zimbabwe","Number of commercial bank branches","Per 100,000 adults","Annual","Units","6.066268856256317","12.68266670093257","13.44336116079417","14.49940339034967","5.896904310674139","5.682879996153127","5.487287169734647","5.313694415959728","3.62410384630244","4.010222949458826","5.989579873443444","5.723437123300315","5.600600234161409","5.45993662203177"
"IMF.STA:FAS(4.0.0)","SDN.FA26N.PHTADLT_NUM.A","OBS_VALUE","Sudan","Number of commercial bank branches","Per 100,000 adults","Annual","Units","3.052858724890362","3.106074798578863","3.220565034577547","3.248457488826411","3.342216990361489","3.259644905788592","3.264151257101668","3.263236008846372","","","","","",""
"IMF.STA:FAS(4.0.0)","GNQ.FA26N.PHTADLT_NUM.A","OBS_VALUE","Equatorial Guinea, Republic of","Number of commercial bank branches","Per 100,000 adults","Annual","Units","2.609079073359476","3.131599846676872","3.129965811142678","3.590061320563524","4.014487840562385","","4.561395870070712","5.402117630111004","5.310130957484195","5.440849522987589","5.396293752280849","5.249096310241165","",""
"IMF.STA:FAS(4.0.0)","LSO.FA26N.PHTADLT_NUM.A","OBS_VALUE","Lesotho, Kingdom of","Number of commercial bank branches","Per 100,000 adults","Annual","Units","3.441546505852584","3.406991456194607","3.677648021501982","3.638866735602975","3.823799327011318","3.924731063357748","3.868918133692291","3.809838728807772","3.823184783724561","3.83437454031078","3.70752056815693","3.650651573701247","3.589895640404142","3.528118121394704"
"IMF.STA:FAS(4.0.0)","MLI.FA26N.PHTADLT_NUM.A","OBS_VALUE","Mali","Number of commercial bank branches","Per 100,000 adults","Annual","Units","3.989346369810103","4.527118792948506","4.757829238761606","5.299263935438119","5.687648021039748","5.708135805964241","4.833070678380067","4.711060718267236","4.654167721173701","4.379756920868283","4.283788147112368","3.988226105397909","3.866118212222073","3.640883572659483"
"IMF.STA:FAS(4.0.0)","AGO.FA26N.PHTADLT_NUM.A","OBS_VALUE","Angola","Number of commercial bank branches","Per 100,000 adults","Annual","Units","8.069935627960309","8.677069251052312","9.942166709080071","9.907864256344545","9.987312414229331","9.844555594403558","9.798636213487998","9.590883797901363","9.026404371210767","8.493015066021502","7.989834407528022","7.538525216570044","7.113527779577842","6.815882476541649"
"IMF.STA:FAS(4.0.0)","ZAF.FA57.NUM.A","OBS_VALUE","South Africa","Registered mobile money agent outlets","Number","Annual","Units","","","3948","11830","6771","682","","","","6880","15363","15959","26858","27768"
"IMF.STA:FAS(4.0.0)","CPV.FA26N.PHTADLT_NUM.A","OBS_VALUE","Cabo Verde","Number of commercial bank branches","Per 100,000 adults","Annual","Units","29.58529383317308","33.41917474296723","33.62942046225167","33.63012376988174","33.97492978971162","34.11814157118136","32.40881955640769","34.26371092305349","34.21820897549053","33.64691900046943","34.94351246811404","35.13833407308773","34.58246227131372","34.80174520516396"
"IMF.STA:FAS(4.0.0)","COG.FA26N.PHTADLT_NUM.A","OBS_VALUE","Congo, Republic of","Number of commercial bank branches","Per 100,000 adults","Annual","Units","0.5116306436057681","0.7145455026148793","2.386422100514695","3.168973817387195","3.309303736001308","3.634805176094745","3.840099545706543","4.09140320652711","4.231942332732479","4.059617876527319","3.948488483768809","3.920754499841477","",""
"IMF.STA:FAS(4.0.0)","ZAF.FA66.NUM.A","OBS_VALUE","South Africa","Mobile money transactions (during the reference year)","Number","Annual","Units","","","7234469","6137215","8051452","3570646","","","","475282","","","7600171.667543","22203516"
"IMF.STA:FAS(4.0.0)","CAF.FA26N.PHTADLT_NUM.A","OBS_VALUE","Central African Republic","Number of commercial bank branches","Per 100,000 adults","Annual","Units","0.9385004721065418","0.9806200869401425","1.068583321551517","1.007106817106045","0.7201412493518729","0.7071547420965058","0.7366521696248026","","","","","","",""
"IMF.STA:FAS(4.0.0)","BEN.FA26N.PHTADLT_NUM.A","OBS_VALUE","Benin","Number of commercial bank branches","Per 100,000 adults","Annual","Units","3.082950210706434","3.072415816660072","3.143960980465743","3.240366366729586","3.421257047595128","3.39301009759805","3.15898929892375","3.063652051958971","3.70018539441913","3.215337131433643","3.261595067536374","2.800131392712526","2.631737980267813","2.519785044590731"
"IMF.STA:FAS(4.0.0)","GMB.FA26N.PHTADLT_NUM.A","OBS_VALUE","Gambia, The","Number of commercial bank branches","Per 100,000 adults","Annual","Units","6.602660057976782","6.5649076798916","6.611245219561149","6.570167333949287","6.689357391660283","6.567398506650843","6.524394862376515","6.261727086265484","6.07972355638378","5.898426354717644","5.85195096065095","5.803995212348838","5.691092502141977","5.639275553194741"
"IMF.STA:FAS(4.0.0)","GNB.FA26N.PHTADLT_NUM.A","OBS_VALUE","Guinea-Bissau","Number of commercial bank branches","Per 100,000 adults","Annual","Units","2.29165825482585","2.436967310732404","2.674201056720833","2.595906255834549","3.198331440179572","3.104771940388379","3.013847258220953","2.925166269109978","3.613403662786846","3.508619508592776","3.408036962595171","3.308300526019784","3.286662722671399","4.007311116503666"
"IMF.STA:FAS(4.0.0)","ZAF.FA26N.PHTADLT_NUM.A","OBS_VALUE","South Africa","Number of commercial bank branches","Per 100,000 adults","Annual","Units","9.975928911535901","9.66046928645483","9.789071036906003","10.49619002390978","10.03788230880539","9.824668651353699","10.15832474713027","9.844982322545553","9.226943971406186","8.805490536619667","8.893403584870278","8.476996225996023","8.083727296433469","7.978546247743452"
"IMF.STA:FAS(4.0.0)","BDI.FA26N.PHTADLT_NUM.A","OBS_VALUE","Burundi","Number of commercial bank branches","Per 100,000 adults","Annual","Units","2.355381906333057","2.560941255666083","3.036799078802095","2.971649598974159","3.059636067400193","3.131177268197585","3.072126347206711","2.970036048812542","2.913486046493968","3.003367806317741","3.086218563114323","3.238417584079328","",""
"IMF.STA:FAS(4.0.0)","DZA.FA26N.PHTADLT_NUM.A","OBS_VALUE","Algeria","Number of commercial bank branches","Per 100,000 adults","Annual","Units","5.152014332918829","5.192504478305437","5.190305031403517","5.194557788545011","5.243422638669161","5.243109443069276","5.207979514869689","5.275500696352582","5.288144605846077","5.246495665928371","5.251863732504729","4.947280934972507","4.93444619461131","4.908634702348792"
"IMF.STA:FAS(4.0.0)","ZAF.FA26N.PTKM2_NUM.A","OBS_VALUE","South Africa","Number of commercial bank branches","Per 1,000 square km","Annual","Units","3.088806271587434","3.045116190884436","3.146510151761205","3.439151258356758","3.364960555276196","3.323743498009216","3.462232810426267","3.431732188048702","3.289121169904953","3.209160078807013","3.308905357393104","3.211633102243032","3.113536505947621","3.120131235110338"
"IMF.STA:FAS(4.0.0)","CMR.FA26N.PHTADLT_NUM.A","OBS_VALUE","Cameroon","Number of commercial bank branches","Per 100,000 adults","Annual","Units","1.789549504597432","1.891784151859479","2.019059925698595","2.03288031849312","2.102199186309799","2.073599455743773","1.94073757913412","2.244948759397546","2.198052019194951","2.197933835949671","","","",""
"IMF.STA:FAS(4.0.0)","BWA.FA26N.PHTADLT_NUM.A","OBS_VALUE","Botswana","Number of commercial bank branches","Per 100,000 adults","Annual","Units","8.479519766783967","8.572220961601493","8.823939632867183","9.055160669436095","8.43448376465578","8.702693551644027","8.080381767987531","9.043576275684903","9.18902663146991","8.878399923431672","7.412344394816053","8.309073265405143","8.811674277651093","7.948075689057253"
"IMF.STA:FAS(4.0.0)","COD.FA26N.PHTADLT_NUM.A","OBS_VALUE","Congo, Democratic Republic of the","Number of commercial bank branches","Per 100,000 adults","Annual","Units","0.5722672097996396","0.6466008898440621","0.6054746037095476","0.741228248255753","0.9618991077963088","0.7840166317236033","0.8096738303159347","0.8246991571328435","0.6293274226476936","","","","",""
"IMF.STA:FAS(4.0.0)","ZAF.FA63.NUM.A","OBS_VALUE","South Africa","Active mobile money accounts","Number","Annual","Units","","","245410","931562","354108","","","","","2203802","4619106","7883379","3361145","3442712"
"IMF.STA:FAS(4.0.0)","DJI.FA26N.PHTADLT_NUM.A","OBS_VALUE","Djibouti","Number of commercial bank branches","Per 100,000 adults","Annual","Units","4.608006740855575","4.812473932432866","4.535310520200117","5.030480136463207","5.645831073762783","5.502381952187197","6.77390128732349","7.291778451006128","8.725464664552867","7.869007259159197","8.212582703274254","9.174288866937622","9.48316737790422","8.214494959561733"
"IMF.STA:FAS(4.0.0)","CIV.FA26N.PHTADLT_NUM.A","OBS_VALUE","Côte d'Ivoire","Number of commercial bank branches","Per 100,000 adults","Annual","Units","3.935632387078421","4.118516635201646","4.05096474700281","4.219557946450856","4.497325188421472","4.625113525513808","4.767296192242323","4.651116350076889","4.622580160734243","4.52187321588625","4.40774348654138","3.902630056838536","3.781092657096204","4.199705586339274"
"IMF.STA:FAS(4.0.0)","CIV.FA66.NUM.A","OBS_VALUE","Côte d'Ivoire","Mobile money transactions (during the reference year)","Number","Annual","Units","","","","","232468324","278545141","380884572","569437702","642068886","687156651","1114444303","1252871481","1913243270","2549268326"
"IMF.STA:FAS(4.0.0)","CIV.FA26N.PTKM2_NUM.A","OBS_VALUE","Côte d'Ivoire","Number of commercial bank branches","Per 1,000 square km","Annual","Units","1.613207547169811","1.742138364779874","1.764150943396226","1.886792452830189","2.062893081761006","2.179245283018868","2.308176100628931","2.314465408805031","2.364779874213836","2.377358490566038","2.383647798742138","2.176100628930818","2.176100628930818","2.493710691823899"
"IMF.STA:FAS(4.0.0)","CIV.FA57.NUM.A","OBS_VALUE","Côte d'Ivoire","Registered mobile money agent outlets","Number","Annual","Units","","","","","33831","40149","98323","147583","234231","286019","339476","419204","403703","424562"
"IMF.STA:FAS(4.0.0)","CIV.FA63.NUM.A","OBS_VALUE","Côte d'Ivoire","Active mobile money accounts","Number","Annual","Units","","","","","4229071","4881158","7022547","8088108","12249993","14800306","20813673","20932911","20708512","26370627"
